{
  "project_info": {
    "project_number": "170152530704",
    "project_id": "aminerachid-projet-e3005",
    "storage_bucket": "aminerachid-projet-e3005.appspot.com"
  },
  "client": [
    {
      "client_info": {
        "mobilesdk_app_id": "1:170152530704:android:6afb969027a9252a9d4b95",
        "android_client_info": {
          "package_name": "com.example.aminerachid_projet"
        }
      },
      "oauth_client": [
        {
          "client_id": "170152530704-d1uuvq2k3lvle2b35trm2nlessevnns4.apps.googleusercontent.com",
          "client_type": 1,
          "android_info": {
            "package_name": "com.example.aminerachid_projet",
            "certificate_hash": "519a16637cf7b325a927e9150edbc6531fa0d0ec"
          }
        },
        {
          "client_id": "170152530704-60eaq7nba3h1gf6nkiosielsvgnohjjg.apps.googleusercontent.com",
          "client_type": 3
        }
      ],
      "api_key": [
        {
          "current_key": "AIzaSyCEQh1DO6u0OpXDtZ__MJKOxsPSRS2hkV0"
        }
      ],
      "services": {
        "appinvite_service": {
          "other_platform_oauth_client": [
            {
              "client_id": "170152530704-60eaq7nba3h1gf6nkiosielsvgnohjjg.apps.googleusercontent.com",
              "client_type": 3
            }
          ]
        }
      }
    }
  ],
  "configuration_version": "1"
}